博物馆名称,定级,省份,地址,联系方式,官网链接,来源链接,是否需要复核
故宫博物院,国家一级博物馆,北京,北京市东城区景山前街4号故宫博物院,400-950-1925,https://www.dpm.org.cn/,https://www.dpm.org.cn/singles_detail/252829.html,否
中国科学技术馆,国家一级博物馆,北京,北京市朝阳区北辰东路5号,010-59041000,https://www.cstm.org.cn/,https://www.beijing.gov.cn/renwen/rwzyd/bwg/zgkxjsg/202301/t20230112_2897389.html,否
中国地质博物馆,国家一级博物馆,北京,北京市西城区西四羊肉胡同15号,66557402,https://www.beijing.gov.cn/renwen/rwzyd/bwg/zgdzbwg/202301/t20230112_2897313.html,https://wwj.beijing.gov.cn/bjww/wwjzzcslm/1737418/1738088/1742745/545745/index.html,否
中国人民革命军事博物馆,国家一级博物馆,北京,北京市复兴路9号,未明确,https://www.jb.mil.cn/jbgk/jbjj/,https://www.jb.mil.cn/jbgk/jbjj/,是
中国航空博物馆,国家一级博物馆,北京,北京市昌平区小汤山镇大汤山村700号,010-61784882,https://www.beijing.gov.cn/renwen/rwzyd/bwg/zghkbwg/202301/t20230112_2897420.html,https://wwj.beijing.gov.cn/bjww/362771/362772/545769/index.html,否
北京鲁迅博物馆（北京新文化运动纪念馆）,国家一级博物馆,北京,北京市西城区阜成门内大街宫门口二条19号,010-50872677,https://www.beijing.gov.cn/renwen/rwzyd/bwg/bjlxbwy/202301/t20230111_2896870.html,https://wwj.beijing.gov.cn/bjww/362771/362772/545730/index.html,否
首都博物馆,国家一级博物馆,北京,西城区复兴门外大街16号,010-63370491,https://www.beijing.gov.cn/renwen/rwzyd/bwg/sdbwg/202301/t20230112_2897442.html,https://www.beijing.gov.cn/renwen/rwzyd/qxdw/gdshyqyxc/shdbwg/202309/t20230920_3263116.html,否
国家自然博物馆,国家一级博物馆,北京,北京市东城区天桥南大街126号,010-67027702;010-67024431,https://www.nnhm.org.cn/,https://www.nnhm.org.cn/lxwm/index.shtml,否
中国人民抗日战争纪念馆,国家一级博物馆,北京,北京市丰台区卢沟桥城内街101号,83893163,https://www.beijing.gov.cn/renwen/rwzyd/bwg/zgrmkrjng/202301/t20230112_2897349.html,https://wwj.beijing.gov.cn/bjww/362771/362773/546448/index.html,否
周口店北京人遗址博物馆,国家一级博物馆,北京,北京市房山区周口店大街13号,010-53230030,https://www.beijing.gov.cn/renwen/rwzyd/bwg/zkdbjryzbwg/202301/t20230112_2897804.html,https://wwj.beijing.gov.cn/bjww/362771/362772/545883/,否
中国国家博物馆,国家一级博物馆,北京,北京市东城区东长安街16号,010-65116400,https://m.chnmuseum.cn/index.html,https://m.chnmuseum.cn/cg/;https://m.chnmuseum.cn/shxg/lxwm/201901/t20190102_37017.shtml,否
中国农业博物馆,国家一级博物馆,北京,北京市朝阳区东三环北路16号,010-59199766;010-59199765;010-59199757,https://www.beijing.gov.cn/renwen/rwzyd/bwg/zgnybwg/202301/t20230112_2897337.html,https://wwj.beijing.gov.cn/bjww/362771/362772/545748/index.html,否
北京天文馆,国家一级博物馆,北京,北京市西城区西直门外大街138号,010-51583311;010-68312517,https://www.bjp.org.cn/,https://www.bjp.org.cn/cgzn/ylzn/index.shtml,否
文化和旅游部恭王府博物馆,国家一级博物馆,北京,北京市西城区前海西街17号,010-83288149,https://www.pgm.org.cn/,https://www.pgm.org.cn/pgm/jgsz/list_nd.shtml,否
中国印刷博物馆,国家一级博物馆,北京,北京市大兴区黄村镇兴华北路25号,010-81282813,https://www.beijing.gov.cn/renwen/rwzyd/bwg/zjysbwg/202301/t20230112_2897816.html,https://wwj.beijing.gov.cn/bjww/362771/362772/545886/index.html,否
中国电影博物馆,国家一级博物馆,北京,北京市朝阳区南影路9号,010-84355858;010-84355959,https://www.beijing.gov.cn/renwen/rwzyd/bwg/zgdybwg/202301/t20230113_2899366.html,https://www.beijing.gov.cn/renwen/rwzyd/wljd/zgdybwgdypszzjstyjd/202312/t20231213_3499125.html,否
北京汽车博物馆,国家一级博物馆,北京,北京市丰台区南四环西路126号,010-63756666,https://www.beijing.gov.cn/renwen/rwzyd/bwg/bjqcbwg/202301/t20230113_2899663.html,https://www.beijing.gov.cn/renwen/rwzyd/wljd/bjqcbwgtyjd/202311/t20231117_3304055.html,否
清华大学艺术博物馆,国家一级博物馆,北京,海淀区清华园1号清华大学校内,010-62781012,https://www.beijing.gov.cn/renwen/rwzyd/bwg/qhdxysbqg/202301/t20230116_2901320.html,https://www.beijing.gov.cn/renwen/rwzyd/qxdw/myhdlzqzh/qhyshbwg/202309/t20230921_3263774.html,否
中国华侨历史博物馆,国家一级博物馆,北京,北京市东城区北新桥三条东口,010-64093039;010-64070943,https://www.ocmuseum.cn/a/aboutus/info/,https://www.ocmuseum.cn/a/service/location/,否
中国妇女儿童博物馆,国家一级博物馆,北京,北京市东城区北极阁路9号,010-65126655,https://www.beijing.gov.cn/renwen/rwzyd/bwg/zgfnetbwg/202301/t20230113_2899686.html,https://wwj.beijing.gov.cn/bjww/362771/362772/546153/index.html,否
中国海关博物馆,国家一级博物馆,北京,北京市东城区建国门内大街2号,010-65194458,https://wwj.beijing.gov.cn/bjww/362771/362773/546640/index.html,https://wwj.beijing.gov.cn/bjww/362771/362773/546640/index.html,否
中华人民共和国名誉主席宋庆龄同志故居,国家一级博物馆,北京,北京市西城区后海北沿46号,010-64015256,https://wwj.beijing.gov.cn/bjww/wwjzzcslm/1737418/1738088/1742745/545763/index.html,https://wwj.beijing.gov.cn/bjww/wwjzzcslm/1737418/1738088/1742745/545763/index.html,否
民族文化宫,国家一级博物馆,北京,北京复兴门内大街49号,010-83195280,https://www.cpon.cn/,https://www.cpon.cn/cms/p/contact.html,否
民航博物馆,国家一级博物馆,北京,北京市朝阳区首都机场辅路200号,010-84323666,https://www.beijing.gov.cn/renwen/rwzyd/bwg/mgbwg/202301/t20230116_2900564.html,https://www.beijing.gov.cn/renwen/rwzyd/bwg/mgbwg/202301/t20230116_2900564.html,否
中国现代文学馆,国家一级博物馆,北京,北京市朝阳区芍药居文学馆路45号,010-57311800,https://www.wxg.org.cn/,https://www.wxg.org.cn/lxwm.jhtml,否
中国铁道博物馆,国家一级博物馆,北京,北京天安门广场东南角,未明确,https://www.china-rail.org.cn/,https://www.china-rail.org.cn/clzl/jbcl/201910/t20191025_978.html,是
园林博物馆,国家一级博物馆,北京,北京市丰台区射击场路15号,010-63915025;010-63915017,http://www.gardensmuseum.cn/,https://www.gardensmuseum.cn/web/foot,否
香山革命纪念馆,国家一级博物馆,北京,北京市海淀区红枫路1号院1号楼,010-62720577,https://www.beijing.gov.cn/renwen/rwzyd/bwg/xsgmjng/202301/t20230116_2901495.html,https://wwj.beijing.gov.cn/bjww/wwjzzcslm/1737418/1738088/1742747/10879743/index.html,否
天津博物馆,国家一级博物馆,天津,天津市河西区平江道62号,022-83883000,https://www.tjbwg.com/,https://www.tjbwg.com/cn/traffic.aspx,否
天津自然博物馆,国家一级博物馆,天津,天津市河西区友谊路31号,022-23347988,https://www.tjnhm.com/,https://www.tjnhm.com/,否
周恩来邓颖超纪念馆,国家一级博物馆,天津,天津市南开区水上公园西路9号,022-23592257;022-81110903,https://www.mzhoudeng.com/,https://www.mzhoudeng.com/html/organization/index.html,否
平津战役纪念馆,国家一级博物馆,天津,天津市红桥区平津道8号,022-26526255,https://www.pjzyjng.com/,https://whly.tj.gov.cn/WSBSYZXBS4230/CXFW5394/CGCX9598/202008/t20200827_3571441.html,否
河北博物院,国家一级博物馆,河北,河北省石家庄市东大街4号,0311-966518;0311-85286688;0311-86062086;0311-86049534,https://www.hebeimuseum.org.cn/,https://yuyue.hebeimuseum.org.cn/ticket-cms/?continueFlag=0cdfa1c728dea8d5babf12436e08d2dc,否
西柏坡纪念馆,国家一级博物馆,河北,河北省平山县西柏坡村,0311-82851266,https://www.xbpjng.cn/,https://www.xbpjng.cn/columns/1f104a4c-cfc5-440a-93f1-ad289760b891/202406/04/1bd56ab7-4784-4d35-bcc2-29eb6b5db8e3.html;https://govt.chinadaily.com.cn/s/201811/30/WS5c00dc04498eefb3fe46d6ba/xibaipo-memorial.html,否
邯郸市博物馆,国家一级博物馆,河北,未明确,未明确,https://www.hdmuseum.org/,,是
乐亭县李大钊纪念馆,国家一级博物馆,河北,河北省乐亭县新城区觅园街1号,0315-4622549,https://lidazhao.org.cn/,,是
唐山博物馆,国家一级博物馆,河北,河北省唐山市路北区龙泽南路22号,0315-2855830,https://www.tsmuseum.com/,https://govt.chinadaily.com.cn/s/202411/18/WS673b0858498eec7e1f727b96/tangshan-museum.html,否
山海关中国长城博物馆,国家一级博物馆,河北,河北省秦皇岛市山海关区博物馆路1号,0335-7667777,https://www.greatwallmuseum.com/,https://govt.chinadaily.com.cn/s/202507/15/WS6876169e498edec913cde227/shanhaiguan-museum-of-the-great-wall-of-china.html,否
定州博物馆,国家一级博物馆,河北,定州市中山东路,0312-2305100,https://www.dzhmuseum.com/,https://wenwu.hebei.gov.cn/system/2023/09/27/030253854.shtml,否
承德避暑山庄博物馆,国家一级博物馆,河北,河北省承德市双桥区狮子沟桥交通节点东北角,0314-2379999;0314-7571777,https://www.chdmuseum.cn/a/about/,https://www.chdmuseum.cn/a/fuwu/canguandaolan/2020/0718/281.html;https://www.chdmuseum.cn/a/about/jtxw/413.html,否
山西博物院,国家一级博物馆,山西,山西省太原市滨河西路北段13号,0351-8789188;0351-8789222,https://www.shanximuseum.com/,https://govt.chinadaily.com.cn/s/202501/20/WS678e1b72498eec7e1f72db92/shanxi-museum.html;https://www.shanximuseum.com/,否
中国煤炭博物馆,国家一级博物馆,山西,山西省太原市迎泽西大街2号,0351-6180108;0351-4117821,http://www.coalmus.org.cn,https://govt.chinadaily.com.cn/a/201812/07/WS5c0a2580498eefb3fe46e641.html,是
八路军太行纪念馆,国家一级博物馆,山西,山西省长治市武乡县太行街363号,0355-6437841,http://www.balujun.cn/,https://ggzy.changzhi.gov.cn/front/notice/detail?id=25b4093c21214e7e9117a76604f99aa3&xmlx=ZFCG,否
大同市博物馆,国家一级博物馆,山西,山西省大同市御东新区太和路,0352-2303518,https://www.datongmuseum.com/#/guide,https://govt.chinadaily.com.cn/s/202103/12/WS604b05ba498e7a02c6f69c7d/datong-museum.html,否
山西地质博物馆,国家一级博物馆,山西,山西省太原市滨河西路北段17号,0351-4069643,http://www.sxdzbwg.com/,https://govt.chinadaily.com.cn/s/202305/29/WS64740bac498ea274927bbefc/shanxi-museum-of-geology.html,否
临汾市博物馆,国家一级博物馆,山西,山西省临汾市汾河生态文化景区九州广场南端九州公园内,0357-3999116;0357-3999118,http://www.linfenmuseum.com/,https://govt.chinadaily.com.cn/s/202103/30/WS694e2b4c498e368550339550/linfen-museum.html,否
太原市博物馆,国家一级博物馆,山西,山西省太原市晋源区长风商务区广经路13号,0351-5679056,https://www.tylyhy.cn/3A/1738507295804342273.html,https://www.tylyhy.cn/3A/1738507295804342273.html,是
太原市晋祠博物馆,国家一级博物馆,山西,未明确,未明确,https://www.chinajinci.com/,,是
运城博物馆,国家一级博物馆,山西,山西省运城市盐湖区魏风街与禹西路交汇东,0359-6359888,https://www.sxycbwg.com/,,是
内蒙古博物院,国家一级博物馆,内蒙古,内蒙古自治区呼和浩特市新城区新华东街27号,0471-4614000;0471-4614333,http://www.nmgbwy.com,https://govt.chinadaily.com.cn/s/202305/19/WS64671e39498ea274927bb1b2/inner-mongolia-museum.html;https://govt.chinadaily.com.cn/s/201812/04/WS5c062783498eefb3fe46e126/inner-mongolia-museum.html,是
鄂尔多斯市博物院,国家一级博物馆,内蒙古,内蒙古鄂尔多斯市康巴什区文化西路5号,0477-8390880;0477-8390997,http://ordosbwg.org.cn,http://ordosbwg.org.cn,是
赤峰博物馆,国家一级博物馆,内蒙古,内蒙古自治区赤峰市新城区富河街10A,0476-8255185,http://www.cfbwg.org.cn/,https://govt.chinadaily.com.cn/s/202305/19/WS64671e62498ea274927bb1b3/chifeng-museum.html,否
呼和浩特博物院（内蒙古自治区将军衙署博物院、呼和浩特市文物保护与考古研究中心）,国家一级博物馆,内蒙古,呼市新城区新华大街44号,未明确,https://hhht.nmgbb.gov.cn/hhhts/newsite/zxdt/tzgg_6078/202507/t20250717_334476.html,https://hhht.nmgbb.gov.cn/hhhts/newsite/zxdt/tzgg_6078/202507/t20250717_334476.html;https://www.ccgp-neimenggu.gov.cn/gpx-bid-file/150101/gpx-tender/2022/8/9/402881dd8254242f018280bc0d836153.pdf?accessCode=0378f250ed13c9844718570096e2758a,是
伊利草原乳文化博物馆,国家一级博物馆,内蒙古,未明确,400-816-9999,https://www.yili.com/news/company/4158,https://www.yili.com/news/company/4158,是
内蒙古自然博物馆,国家一级博物馆,内蒙古,呼和浩特市赛罕区南二环13号,0471-6381823,https://www.immnh.org.cn/,https://www.immnh.org.cn/;https://www.ccgp-neimenggu.gov.cn/gpx-bid-file/150001/gpx-tender/2024/10/23/402881cc929fd32b0192b736d7e754cf.pdf?accessCode=7f92bedb288eadeddf71991bdb5dcd7d,是
包头市博物馆（包头市文物保护中心）,国家一级博物馆,内蒙古,包头市昆区阿尔丁大街25号,0472-5317556,https://www.baotou.gov.cn/zfxxgk/fdzdgknr/fd_jyta/bm/swhlvgdj/rxjy/202505/t20250530_529831.html,https://www.baotou.gov.cn/zfxxgk/fdzdgknr/fd_jyta/bm/swhlvgdj/rxjy/202505/t20250530_529831.html;https://www.ccgp-neimenggu.gov.cn/gpx-bid-file/150201/gpx-tender/2024/1/25/402881cc8d3afaed018d3e7cdef64ecb.pdf?accessCode=2e3f176731716303849f3e942c816060,是
呼伦贝尔博物院,国家一级博物馆,内蒙古,内蒙古自治区呼伦贝尔市海拉尔区满都拉街学府路中学西北侧约100米,0470-3108406;0470-3108407,https://www.hlbebwy.com/,https://www.hlbebwy.com/index.php/home/index/service,是
阿拉善博物馆,国家一级博物馆,内蒙古,未明确,未明确,https://www.als.gov.cn/art/2024/5/21/art_6_526439.html,https://www.als.gov.cn/art/2024/5/21/art_6_526439.html,是
辽宁省博物馆,国家一级博物馆,辽宁,辽宁省沈阳市浑南区智慧三街157号,024-23205102-5100,https://www.lnmuseum.com.cn/,https://www.lnmuseum.com.cn/,是
沈阳“九·一八”历史博物馆,国家一级博物馆,辽宁,辽宁省沈阳市大东区望花南街46号,未明确,http://www.918museum.org.cn/,http://www.918museum.org.cn/,是
旅顺博物馆,国家一级博物馆,辽宁,辽宁省大连市旅顺口区列宁街42号,0411-86383334;0411-86382378,https://lvshunmuseum.cn/,https://www.lvshunmuseum.cn/mobile/service_gbook.aspx,否
沈阳故宫博物馆,国家一级博物馆,辽宁,中国辽宁省沈阳市沈河区沈阳路171号,024-24843809;024-24843001-8895;024-24842106;024-24843001-8805;024-81196299,https://www.sypm.org.cn/,https://www.sypm.org.cn/contact.html,否
大连博物馆,国家一级博物馆,辽宁,辽宁省大连市沙河口区会展路10号,0411-84801052,https://www.dlmodernmuseum.com/,https://www.dlmodernmuseum.com/service/;https://www.dlmodernmuseum.com/news/detail/1619.html,否
大连自然博物馆,国家一级博物馆,辽宁,大连市沙河口区黑石礁西村街40号,+86-411-84691290;+86-411-84675544-8009;+86-411-84675544-8001,http://www.dlnm.org.cn/,https://regional.chinadaily.com.cn/liaoning/dljp/2022-01/14/c_698903.htm,否
鞍钢博物馆,国家一级博物馆,辽宁,未明确,未明确,https://www.csm.org.cn/col/col6293/art/2024/art_2b94770bb2dd4899918f63531fd4141c.html,https://www.csm.org.cn/col/col6293/art/2024/art_2b94770bb2dd4899918f63531fd4141c.html,是
抗美援朝纪念馆（丹东市抗美援朝研究中心）,国家一级博物馆,辽宁,未明确,未明确,https://mzt.ln.gov.cn/mzt/hdzl/decqgdmpczl/93003C6705DC4A0185FF0C9FE2B604F9/index.shtml,https://mzt.ln.gov.cn/mzt/hdzl/decqgdmpczl/93003C6705DC4A0185FF0C9FE2B604F9/index.shtml,是
辽沈战役纪念馆,国家一级博物馆,辽宁,辽宁省锦州市凌河区北京路五段一号,未明确,https://whly.ln.gov.cn/whly/wlzt/sjly/ajjq/B167F28C17CC48DBB5647180BCC81033/index.shtml,https://whly.ln.gov.cn/whly/wlzt/sjly/ajjq/B167F28C17CC48DBB5647180BCC81033/index.shtml,是
吉林省自然博物馆,国家一级博物馆,吉林,吉林省长春市净月大街2556号东北师范大学自然博物馆（东北师范大学净月校区东门对面）,0431-84537568,https://museum.nenu.edu.cn/,https://museum.nenu.edu.cn/info/1014/4862.htm,否
吉林省博物院,国家一级博物馆,吉林,长春市净月国家高新技术产业开发区永顺路1666号,0431-81959512,http://www.jlmuseum.org/,https://whhlyt.jl.gov.cn/ggfw/whcg/bwg/201602/t20160225_3107944.html,否
伪满皇宫博物院,国家一级博物馆,吉林,长春市宽城区光复北路5号,82866611;82860547,http://www.wmhg.com.cn/,https://whhlyt.jl.gov.cn/ggfw/whcg/bwg/201406/t20140604_3108002.html,否
吉林市博物馆（吉林市陨石博物馆）,国家一级博物馆,吉林,吉林市丰满区吉林大街100号,0432-66072012,http://www.jlsmuseum.org.cn/,https://whhlyt.jl.gov.cn/ggfw/whcg/bwg/201602/t20160229_3108025.html,否
四平战役纪念馆,国家一级博物馆,吉林,四平市铁西区公园北街英雄广场内,0434-5016927,https://spmm.gov.cn/,https://whhlyt.jl.gov.cn/ggfw/whcg/bwg/201405/t20140526_2597261.html,否
东北烈士纪念馆（东北抗联博物馆、中共黑龙江历史纪念馆、革命领袖视察黑龙江纪念馆、东北抗联精神陈列馆）,国家一级博物馆,黑龙江,哈尔滨市南岗区一曼街241号,0451-53643712,https://wlt.hlj.gov.cn/wlt/c114195/202011/c00_31051874.shtml,https://wlt.hlj.gov.cn/wlt/c114195/202011/c00_31051874.shtml,否
大庆铁人王进喜纪念馆,国家一级博物馆,黑龙江,大庆市让胡路区世纪大道和铁人大道交汇处,未明确,https://wlt.hlj.gov.cn/wlt/c114162/202302/c00_31530413.shtml,https://wlt.hlj.gov.cn/wlt/c114162/202302/c00_31530413.shtml,是
黑河市瑷珲历史陈列馆,国家一级博物馆,黑龙江,黑河市爱辉区瑷珲镇延厘路,未明确,https://www.aihui.gov.cn/ahq/c101109/202502/c11_320739.shtml,https://www.aihui.gov.cn/ahq/c101109/202502/c11_320739.shtml,是
黑龙江省博物馆,国家一级博物馆,黑龙江,哈尔滨市南岗区红军街64号,0451-53672646,http://www.hljmus.org.cn/,https://wlt.hlj.gov.cn/wlt/c114145/202508/c00_31868578.shtml,否
大庆市博物馆,国家一级博物馆,黑龙江,未明确,未明确,https://wlt.hlj.gov.cn/wlt/c114162/202405/c00_31736033.shtml,https://wlt.hlj.gov.cn/wlt/c114162/202405/c00_31736033.shtml,是
黑龙江省民族博物馆,国家一级博物馆,黑龙江,哈尔滨市南岗区文庙街25号,0451-82540093,http://www.hljsmzbwg.org.cn/,https://wlt.hlj.gov.cn/wlt/c114195/202011/c00_31051870.shtml,否
哈尔滨市侵华日军第七三一部队罪证陈列馆,国家一级博物馆,黑龙江,哈尔滨市平房区新疆大街23号；哈尔滨市平房区新疆大街47号（本部旧址）,0451-51747773;0451-51685222,https://wlt.hlj.gov.cn/wlt/c114254/202501/c00_31798291.shtml,https://wlt.hlj.gov.cn/wlt/c114254/202501/c00_31798291.shtml,否
上海博物馆,国家一级博物馆,上海,上海市黄浦区人民大道201号,+86-(0)21-63723500,https://www.shanghaimuseum.net/mu/frontend/pg/infomation/about,https://www.shanghaimuseum.net/mu/frontend/pg/en/infomation/contact,是
上海鲁迅纪念馆,国家一级博物馆,上海,上海市虹口区甜爱路200号,021-65402288,https://www.luxunmuseum.cn/,https://www.luxunmuseum.cn/visitor/index/id/4.html,否
中共一大纪念馆,国家一级博物馆,上海,上海市黄浦区黄陂南路374号,021-53832171转111;021-53832171转222,https://www.zgyd1921.com/,https://www.zgyd1921.com/,否
上海科技馆,国家一级博物馆,上海,上海浦东新区世纪大道2000号,86-21-68622000;86-21-68543010,https://m.sstm.org.cn/about,https://group.sstm.org.cn/business/contact,否
陈云纪念馆（青浦革命历史纪念馆）,国家一级博物馆,上海,上海市青浦区练塘镇老朱枫公路3516号,021-59257178;021-59257184;021-59257105,https://www.cyjng.net/,https://www.cyjng.net/;https://www.cyjng.net/h-nd-249.html,否
上海中国航海博物馆,国家一级博物馆,上海,上海市浦东新区临港新城申港大道197号（近滴水湖）,021-68283691;021-38287777,https://www.shmmc.com.cn/,https://www.shmmc.com.cn/Home/GkjsList,否
上海市龙华烈士纪念馆,国家一级博物馆,上海,上海市龙华西路180号 200232,021-64685995,https://www.slmmm.com/,https://www.slmmm.com/,否
上海市历史博物馆（上海革命历史博物馆）,国家一级博物馆,上海,上海市黄浦区南京西路325号,23299999,https://shmuseum.4dage.com/web/,https://whlyj.sh.gov.cn/zsdw/20151007/0022-30547.html,否
钱学森图书馆,国家一级博物馆,上海,上海市徐汇区华山路1800号,021-62932068,https://www.qianxslib.sjtu.edu.cn/,https://www.qianxslib.sjtu.edu.cn/visit/visit01.php,否
上海大学博物馆,国家一级博物馆,上海,上海市宝山区南陈路333号,021-66133465,https://museum.shu.edu.cn/,https://museum.shu.edu.cn/sy/sycgxz.htm,否
嘉定博物馆,国家一级博物馆,上海,,,,https://www.jiading.gov.cn/mspd/shgj/content_500715,是
上海市奉贤区博物馆,国家一级博物馆,上海,奉贤区湖畔路333号,021-37136868,https://www.fxbwg.cn/,https://www.fxbwg.cn/,否
南京博物院,国家一级博物馆,江苏,南京市中山东路321号,025-84807923,https://www.njmuseum.com/,https://ticket.wisdommuseum.cn/reservation/explainOut/out/toExplainHome.do,否
侵华日军南京大屠杀遇难同胞纪念馆,国家一级博物馆,江苏,南京市水西门大街418号,025-86612230,https://www.19371213.org.cn/,https://www.19371213.org.cn/guide/how/,否
南通博物苑,国家一级博物馆,江苏,,,,https://wglj.nantong.gov.cn/ntswgxj/bmdt/content/0cd91b0f-0211-43be-bc99-446a4b0da4f8.html,是
苏州博物馆（苏州民俗博物馆）,国家一级博物馆,江苏,中国江苏省苏州市东北街204号,0512-67675688,https://www.szmuseum.com/,https://file.szmuseum.com/WaterMark/%E9%97%A8%E6%88%B7%E7%BD%91%E7%AB%99%E5%A4%9A%E5%AA%92%E4%BD%93%E6%96%87%E4%BB%B6/20200911092352SsDGCF.pdf,否
扬州博物馆,国家一级博物馆,江苏,扬州市邗江区文昌西路468号,0514-85228003,https://www.yzmuseum.com/,https://www.yzmuseum.com/index.html,否
常州博物馆,国家一级博物馆,江苏,未明确,未明确,https://www.czmuseum.com/,https://www.czmuseum.com/mobile/,是
南京市博物总馆,国家一级博物馆,江苏,南京市秦淮区朝天宫4号,025-84466460,http://www.njmuseumadmin.com/,https://www.njmuseumadmin.com/website.html;https://www.njmuseumadmin.com/About/about/id/43,是
南京中国科举博物馆,国家一级博物馆,江苏,南京市秦淮区金陵路1号,025-52236971,https://www.njiemuseum.com/,https://www.njiemuseum.com/contact.html,否
雨花台烈士纪念馆,国家一级博物馆,江苏,南京市雨花台区雨花路215号,025-68783067;025-68783093,https://yht.nanjing.gov.cn/,https://yht.nanjing.gov.cn/rednanjing/lxwm/;https://yht.nanjing.gov.cn/rednanjing/hszxmap/202506/t20250611_5583622.html,否
无锡博物院,国家一级博物馆,江苏,无锡市钟书路100号,0510-85727500;0510-85727600,https://www.wxmuseum.cn/,https://www.wxmuseum.cn/wxbwg/Exhibition/BasicDetails/99786b60-ce37-4fd6-b67c-fa022706bcc9,否
徐州博物馆,国家一级博物馆,江苏,江苏省徐州市和平路118号,0516-83804412,https://www.xzmuseum.com/,https://www.xzmuseum.com/,否
常熟博物馆,国家一级博物馆,江苏,未明确,未明确,http://cs.jsmuseum.com/,http://cs.jsmuseum.com/,是
镇江博物馆,国家一级博物馆,江苏,镇江市伯先路85号,0511-85285032;0511-85277143;0511-85285117,https://www.zj-museum.com.cn/,https://www.zj-museum.com.cn/zjbwg/zjbwg/fw/zblx/szzgj/index.html,否
南京大报恩寺遗址博物馆,国家一级博物馆,江苏,,,,https://www.nju.edu.cn/info/1056/366021.htm,是
南京城墙博物馆,国家一级博物馆,江苏,南京市秦淮区新民坊路边营1号,未明确,https://www.njcitywall.com/,https://www.njcitywall.com/Article/xinxizhongxin/zhengwuxinxi/2021/1228/1252.html,是
宜兴市博物馆,国家一级博物馆,江苏,宜兴市解放东路文化中心大院内,未明确,https://www.yxmuseum.com/,https://www.yxmuseum.com/assets/doc/%E5%8D%9A%E7%89%A9%E9%A6%86%E7%AB%A0%E7%A8%8B.pdf,是
江阴市博物馆,国家一级博物馆,江苏,江阴市澄江中路128号（天华文化中心内）,0510-86862655,https://www.jymuseum.com.cn/,https://www.jymuseum.com.cn/index.php?Itemid=139&id=224&option=com_content&view=article,否
淮海战役纪念馆,国家一级博物馆,江苏,,,,https://www.jsmm.org.cn/jyjd/202406/t20240620_78969.shtml,是
苏州丝绸博物馆,国家一级博物馆,江苏,未明确,未明确,https://www.szsilkmuseum.com/,https://www.szsilkmuseum.com/index.html,是
苏州市吴中区博物馆（苏州吴文华博物馆）,国家一级博物馆,江苏,苏州市吴中区澹台街9号,0512-65655999,https://wuzhongmuseum.com/,https://www.wuzhongmuseum.com/portal/visit/map,否
连云港市博物馆,国家一级博物馆,江苏,连云港市海州区朝阳东路68号,0518-85681772,https://www.lygmuseum.cn/,https://www.lygmuseum.cn/engine2/m/0/5047788/6037373?currentBranch=1&p=986923&t=12022248,否
周恩来纪念馆,国家一级博物馆,江苏,江苏省淮安市淮安区永怀西路2号,0517-85913032,https://www.zeljng.com/,https://www.zeljng.com/lx/,否
淮安市博物馆,国家一级博物馆,江苏,淮安市健康西路146-1号,0517-83645659;0517-83645608,https://wgj.huaian.gov.cn/jggk/szdw/dw9/content/50e3b09433194b259ffcc0ad13a33857.html,https://wgj.huaian.gov.cn/jggk/szdw/dw9/content/50e3b09433194b259ffcc0ad13a33857.html,否
新四军纪念馆,国家一级博物馆,江苏,盐城市建军东路159号,18861992242,https://www.n4a.org.cn/,https://czj.yancheng.gov.cn/art/2025/12/15/art_20145_33650.html,否
盐城中国海盐博物馆（盐城市博物馆）,国家一级博物馆,江苏,盐城市开放大道2号,0515-89902306;0515-88550080;4008289960,https://www.chinahymuseum.com/,https://www.chinahymuseum.com/,是
扬州中国大运河博物馆,国家一级博物馆,江苏,未明确,0514-82773088,https://www.grandcanalmuseum.cn/,https://www.grandcanalmuseum.cn/canguan.html,是
浙江省博物馆（浙江革命历史纪念馆）,国家一级博物馆,浙江,杭州西湖文化广场E区,0571-85391628,https://www.zhejiangmuseum.com/,https://www.zhejiangmuseum.com/topic/sstz/qianlong.html,是
浙江自然博物院,国家一级博物馆,浙江,未明确,0572-5022030;0572-5022217,https://www.zmnh.cn/,https://english.zmnh.cn/henryEhtml/en_service_reference_anji.html,是
中国丝绸博物馆,国家一级博物馆,浙江,杭州市西湖区玉皇山路73-1号,0571-87035223;0571-87964221;0571-87979221,https://www.chinasilkmuseum.com/,https://www.chinasilkmuseum.com/cgjyy/index_6.aspx;https://www.chinasilkmuseum.com/cgjyy/info_6.aspx?itemid=8969;https://www.chinasilkmuseum.com/gwgk/info_4.aspx?itemid=8790,否
宁波博物院（宁波博物馆、宁波帮博物馆）,国家一级博物馆,浙江,浙江省宁波市鄞州区首南中路1000号,0574-82815588;0574-56800600,https://www.nbmuseum.cn/,https://www.nbmuseum.cn/col/col20527/index.html;https://www.nbmuseum.cn/col/col20497/index.html,否
温州博物馆,国家一级博物馆,浙江,浙江省温州市鹿城区市府路,0577-56988690,https://www.wzmuseum.cn/,https://www.wzmuseum.cn/Col/Col50/Index.aspx,否
杭州博物馆,国家一级博物馆,浙江,杭州市上城区粮道山18号,0571-87555637,https://www.hzmuseum.com/,https://wgly.hangzhou.gov.cn/art/2022/11/9/art_1229696394_58942372.html,否
杭州西湖博物馆总馆,国家一级博物馆,浙江,杭州市上城区南山路89号,0571-87882279,https://wgly.hangzhou.gov.cn/art/2022/11/9/art_1229696394_58942375.html,https://wgly.hangzhou.gov.cn/art/2022/11/9/art_1229696394_58942375.html,否
中国茶叶博物馆,国家一级博物馆,浙江,杭州市西湖区龙井路88号;杭州市西湖区翁家山268号,0571-87964221;0571-87964232;0571-87979221,https://www.teamuseum.cn/,https://www.teamuseum.cn/basicInfo/basicIntroduction.htm;https://www.teamuseum.cn/cgjyy/info_6.aspx?itemid=8969;https://www.teamuseum.cn/basicInfo/institutionalSetup.htm,是
杭州工艺美术博物馆,国家一级博物馆,浙江,杭州市拱墅区小河路334号,0571-88197511,https://www.zgdjss.com/,https://wgly.hangzhou.gov.cn/art/2022/12/7/art_1229696394_58943283.html,否
宁波市天一阁博物院（宁波市保国寺古建筑博物馆）,国家一级博物馆,浙江,宁波市天一街10号,未明确,https://www.tianyige.com.cn/,https://www.tianyige.com.cn/,是
宁波中国港口博物馆,国家一级博物馆,浙江,浙江省宁波市北仑区春晓港博路6号,0574-26915555,https://www.portmuseum.cn/,https://www.portmuseum.cn/;https://www.portmuseum.cn/doc/fw/jyzn/index.shtml,否
南湖革命纪念馆,国家一级博物馆,浙江,"嘉兴市南湖区烟雨路186号,七一广场",0573-82854252;0573-82851183,https://www.nanhujng.cn/,https://www.nanhujng.cn/fwzn/202503/t20250306_3113879.shtml;https://www.nanhujng.cn/fwzn/202503/t20250306_3105610.shtml,否
舟山博物馆,国家一级博物馆,浙江,舟山市定海区海天大道610号,0580-8230561,http://www.zsbwg.com/,https://govt.chinadaily.com.cn/s/202104/20/WS607e736b498e7a02c6f6aecd/zhoushan-museum.html,否
中国水利博物馆,国家一级博物馆,浙江,浙江省杭州市萧山区水博大道1号,未明确,https://www.nwmc.cn/,https://www.nwmc.cn/upload/2023/09/27/2b3ceb3b-5c32-440a-bb3e-669d96a7152e.pdf,是
杭州市临平博物馆,国家一级博物馆,浙江,杭州市临平区南苑街道南大街95号,0571-89172233,https://www.linping.gov.cn/art/2022/6/30/art_1229595444_4060830.html,https://www.linping.gov.cn/art/2022/6/30/art_1229595444_4060830.html,否
杭州市萧山跨湖桥遗址博物馆,国家一级博物馆,浙江,萧山区湘湖路978号（近湘湖）,0571-83869286,https://www.xiaoshan.gov.cn/art/2022/12/19/art_1229708280_59081592.html,https://www.xiaoshan.gov.cn/art/2022/12/19/art_1229708280_59081592.html,否
浙江大学艺术与考古博物馆,国家一级博物馆,浙江,浙江省杭州市西湖区余杭塘路866号 浙大紫金港校区（邮编310058）,0571-87072306,https://www.zju.edu.cn/english/2023/0316/c74932a2729537/page.psp,https://zjumaa.zju.edu.cn/main.htm,否
良渚博物院,国家一级博物馆,浙江,中国·杭州市余杭区美丽洲路1号,0571-88773875,https://www.lzmuseum.cn/,https://www.lzmuseum.cn/,否
嘉兴博物馆（嘉兴马家浜文化博物馆）,国家一级博物馆,浙江,浙江省嘉兴市海盐塘路485号,83677092,https://www.jiaxing.gov.cn/art/2024/9/24/art_1536295_22023564.html,https://whgdlyj.jiaxing.gov.cn/art/2023/7/13/art_1229601664_181055.html,否
绍兴博物馆,国家一级博物馆,浙江,浙江省绍兴市越城区偏门直街75号,0575-85096361,https://sxwg.sx.gov.cn/art/2025/4/29/art_1229488561_59017486.html,https://sxwg.sx.gov.cn/art/2024/7/10/art_1229535057_59016251.html,否
丽水市博物馆,国家一级博物馆,浙江,丽水市大猷街30号（滨水公园西侧）,0578-2050928,https://lsbwg.cn/,https://www.lsbwg.cn/,否
安徽博物院,国家一级博物馆,安徽,安徽省合肥市怀宁路87号；安徽省合肥市安庆路268号,0551-63736658;0551-62820945,https://www.ahm.cn/Home/Index,https://www.ahm.cn/News/Details/tzgg?nid=13321,否
安徽中国徽州文化博物馆,国家一级博物馆,安徽,黄山市屯溪区迎宾大道50号,0559-2574144;0559-2574155,https://www.hzwhbwg.com/,https://www.huangshan.gov.cn/zjhs/sjhs/xhs/csfg/8314151.html;https://www.huangshan.gov.cn/zwgk/public/6615714/11323553.html,否
安徽省地质博物馆,国家一级博物馆,安徽,安徽省合肥市政务区仙龙湖路999号安徽省地质博物馆,0551-63548008,https://www.ahgm.org.cn/front/,https://www.ahgm.org.cn/m/info.php?class_id=112103,否
淮北市博物馆,国家一级博物馆,安徽,安徽省淮北市相山区博物馆路1号,0561-3922071,https://www.hbbwg.net/,https://wlt.huaibei.gov.cn/gzdt/tzgg/58013176.html,否
宿州市博物馆,国家一级博物馆,安徽,安徽省宿州市埇桥区博物馆路1号,0557-3021012;0557-3020016,https://www.sz-museum.com/,https://www.sz-museum.com/channel/31.html?commonshow=963&wd=sjhd;https://www.sz-museum.com/channel/25.html?jbcl_id=1001&wd=jbcl,否
蚌埠市博物馆,国家一级博物馆,安徽,安徽省蚌埠市蚌山区东海大道市民广场,0552-2042312,https://www.ahbbmuseum.com/,https://govt.chinadaily.com.cn/s/202103/08/WS6045f7c8498e7a02c6f69a47/bengbu-museum.html,否
安徽楚文化博物馆（寿县博物馆）,国家一级博物馆,安徽,寿县新城区宾阳大道与明珠大道交叉口东北隅,0554-2752966,https://www.ahccm.cn/,https://www.shouxian.gov.cn/public/118322773/1260528143.html,否
安庆博物馆,国家一级博物馆,安徽,安徽省安庆市经开区潜江路8号,0556-5568518,https://www.aqbwg.cn/,https://www.aqbwg.cn/detail?id=1274,否
阜阳市博物馆,国家一级博物馆,安徽,城南新区中清河西侧、八里松路北,0558-2286037,https://fysgj.fy.gov.cn/detail-704.html,https://govt.chinadaily.com.cn/s/202502/11/WS67ab0c57498eec7e1f72efcd/fuyang-museum.html,是
福建博物院,国家一级博物馆,福建,福建省福州市鼓楼区湖头街96号,0591-83757627,https://museum.fjsen.com/,https://wlt.fujian.gov.cn/jggk/zsdw/201911/t20191112_5090085.htm;https://wlt.fujian.gov.cn/hdjl/wdxd/202502/t20250221_6766737.htm,否
古田会议纪念馆,国家一级博物馆,福建,福建省上杭县古田镇,未明确,https://www.81.cn/2014gthy/2014-08/29/content_6116966.htm,https://govt.chinadaily.com.cn/s/201811/30/WS5c00dbbd498eefb3fe46d6aa/gutian-congress-memorial.html,是
福建省泉州海外交通史博物馆,国家一级博物馆,福建,泉州市丰泽区东湖街425号,0595-22100939;0595-22100561,https://www.qzhjg.com/,https://www.quanzhou.gov.cn/zfb/xxgk/ztxxgk/ggwhty/whssml/201811/t20181109_788393.htm,是
中国闽台缘博物馆,国家一级博物馆,福建,福建省泉州市区北清东路212号,0595-22751800,http://www.mtybwg.org.cn/,https://www.quanzhou.gov.cn/zfb/xxgk/ztxxgk/ggwhty/whssml/201811/t20181109_788393.htm,否
中央苏区（闽西）历史博物馆,国家一级博物馆,福建,龙岩市新罗区北环西路51号,13850690895,https://www.crt.com.cn/hsmx/,https://ggzy.longyan.gov.cn/lyztb/zqcg/008004/008004001/008004001003/20221107/7ea4bdad-a8e6-4184-a21b-e4ceb3c6c2f9.html,否
华侨博物院,国家一级博物馆,福建,思明南路493号,0592-2085345,https://www.hqbwy.org.cn/,https://govt.chinadaily.com.cn/s/202502/13/WS67adbe41498eec7e1f72f3c2/overseas-chinese-museum.html,否
厦门市博物馆,国家一级博物馆,福建,厦门市体育路95号文化艺术中心,0592-5371607;0592-5371609;0592-5371658,https://www.xmmuseum.com/,https://www.xmmuseum.com/pcen/serviceguide/serviceguide/,否
井冈山革命博物馆,国家一级博物馆,江西,井冈山市茨坪红军南路5号1栋,0796-6552449,https://jgsgmbwg.com/,https://www.jgsgmbwg.com/,否
江西省博物馆,国家一级博物馆,江西,南昌市赣江北大道698号,0791-88233369,https://www.jxmuseum.cn/,https://edu.nc.gov.cn/ncjyj/xjzx/202206/8720958eb0954706aad51871cb9dd575.shtml,否
瑞金中央革命根据地纪念馆,国家一级博物馆,江西,江西省瑞金市城西龙珠路1号,0797-2522063,https://www.rjjng.com.cn/,https://www.rjjng.com.cn/,否
南昌八一起义纪念馆,国家一级博物馆,江西,南昌市西湖区中山路380号,0791-86613806;0791-86613323,https://www.nc.gov.cn/ncszf/rwfg/202208/ae5ef257ee2049e8842d2b2e7b0db2c7.shtml,https://xhq.nc.gov.cn/xhqrmzf/lvyou/202511/5c70b078ec75442792f98d0e3a1731a7.shtml,否
安源路矿工人运动纪念馆,国家一级博物馆,江西,江西省萍乡市安源区,0799-6353658,https://www.ayjng.cn/,https://govt.chinadaily.com.cn/s/201812/17/WS5c175ad6498ee2f0291e3f07/anyuan-railway-workers-and-miners-strike-memorial.html,是
八大山人纪念馆,国家一级博物馆,江西,南昌市青云谱区青云谱路259号,0791-85273565;0791-85277236,https://www.nc.gov.cn/ncszf/rwfg/202505/55be9e25a96b43ba980e071206595fae.shtml,https://www.nc.gov.cn/ncszf/whtya/202204/c10e54cf79f44cd694469c865d13d7c5.shtml,否
九江市博物馆,国家一级博物馆,江西,,,,,是
江西省庐山博物馆,国家一级博物馆,江西,庐山风景名胜区芦林一号,0792-8288062;0792-8281331,https://www.lushanmuseum.cn/,https://www.lushan.gov.cn/bmxzxxgk/bumeng/whgdxwcbj/fdzdgknr_195359/ggwh/202507/t20250730_6983718.html;https://www.lushanmuseum.cn/news_info.asp?id=2702,否
赣州市博物馆,国家一级博物馆,江西,赣州市章贡区赣康路,0797-8681285;0797-8681269,https://www.gzsbwg.cn/,https://www.gzsbwg.cn/225.html,否
景德镇中国陶瓷博物馆,国家一级博物馆,江西,景德镇市昌江区紫晶北路1号,0798-8253701,http://www.zgtcbwg.com/,https://www.jdzcct.com/yyjx.html,是
萍乡博物馆,国家一级博物馆,江西,萍乡市滨河东路376号,0799-6779925;0799-6779926;0799-6832694,https://www.pxmuseum.com/,https://www.pxmuseum.com/h-nd-116.html;https://www.pxmuseum.com/nd.jsp?id=114,否
江西省革命烈士纪念堂,国家一级博物馆,江西,未明确,未明确,http://www.jxhth.cn/,http://www.jxhth.cn/,是
南昌汉代海昏侯国遗址博物馆,国家一级博物馆,江西,未明确,未明确,https://hhhmuseum.cn/,https://hhhmuseum.cn/,是
景德镇御窑博物院,国家一级博物馆,江西,景德镇市莲社北路169号,0798-8222860,https://www.jdzyybwy.com/,https://jdzyybwy.com/jdzmu/frontend/pg/article/id/I00004740,否
于都中央红军长征集结出发历史博物馆,国家一级博物馆,江西,江西省赣州市于都县渡江大道690号,0797-6223-126(中央红军长征出发地历史博物馆);0797-6289-289(中央红军长征出发纪念馆),https://www.ydczcfmuseum.cn/,https://www.ydczcfmuseum.cn/article/3263,否
吉安市博物馆,国家一级博物馆,江西,未明确,未明确,http://www.jabwg.cn/,http://www.jabwg.cn/,是
上饶市博物馆,国家一级博物馆,江西,未明确,未明确,http://www.srsbwg.cn/,http://www.srsbwg.cn/,是
青岛市博物馆,国家一级博物馆,山东,山东省青岛市崂山区梅岭东路51号,0532-88896286,https://www.qingdaomuseum.cn/,https://www.qingdaomuseum.cn/service/routes;https://www.qingdaomuseum.cn/visit,否
中国甲午战争博物院,国家一级博物馆,山东,山东省威海市环翠区丁公路,未明确,http://www.jiawuzhanzheng.org/,https://www.chinaservicesinfo.com/s/201812/04/WS5ce66669498e079e680217aa/museum-of-the-sino-japanese-war-1894-1895.html,是
青州市博物馆,国家一级博物馆,山东,未明确,未明确,https://www.qingzhou.gov.cn/bwg/fw/cgyy/,https://www.qingzhou.gov.cn/bwg/fw/cgyy/,是
山东博物馆,国家一级博物馆,山东,济南市经十路11899号,0531-85058202;0531-85058201,https://www.sdmuseum.com.cn/,https://zwfw.sd.gov.cn/art/2015/10/14/art_385_44.html,否
烟台市博物馆,国家一级博物馆,山东,烟台市芝罘区南大街61号,0535-6232976,http://www.ytmuseum.com/,https://www.yantai.gov.cn/art/2022/7/28/art_43273_2967890.html,否
潍坊市博物馆,国家一级博物馆,山东,未明确,未明确,http://www.wfsbwg.com/index.asp,https://www.sdmuseum.com.cn/;https://www.wfsbwg.com/index.asp,是
孔子博物馆,国家一级博物馆,山东,未明确,未明确,https://www.kzbwg.cn/,,是
济南市博物馆,国家一级博物馆,山东,济南市历下区经十一路30号,0531-82959204,http://www.jnmuseum.com,https://jnwl.jinan.gov.cn/art/2023/8/28/art_97687_4775968.html,否
济南市章丘区博物馆,国家一级博物馆,山东,济南市章丘区双山西街文博中心,0531-83213028,https://jnwl.jinan.gov.cn/art/2025/10/14/art_97687_4775968.html,https://jnwl.jinan.gov.cn/art/2025/10/14/art_97687_4775968.html,是
山东大学博物馆,国家一级博物馆,山东,山东省济南市历城区山大南路27号山东大学中心校区知新楼27层;山东省青岛市即墨区滨海路72号山东大学青岛校区,0531-88366337;0531-88362424;0532-58630251;0532-58630252,https://museum.sdu.edu.cn/,https://museum.sdu.edu.cn/lxwm.htm,是
青岛啤酒博物馆,国家一级博物馆,山东,山东省青岛市市北区登州路56号,400-169-1903;0532-83833437,https://www.tsingtaomuseum.com/,https://www.tsingtao.com.cn/MT/product/FashionMuseum.html,否
青岛山炮台遗址展览馆,国家一级博物馆,山东,青岛市市北区京山路26号,0532-82791918;0532-82791919,https://www.qdyzyzmuseum.com/,https://www.qdyzyzmuseum.com/Home/About/content/pageid/5,否
淄博陶瓷琉璃博物馆,国家一级博物馆,山东,张店区华光路320号,未明确,https://boftec.zibo.gov.cn/cec/charm/detail?charmid=805,https://www.zibo.gov.cn/art/2023/7/18/art_19725_2744417.html,是
齐文化博物院,国家一级博物馆,山东,山东省淄博市临淄区临淄大道308号,0533-6292898;0533-6200052转6630;0533-6200052转6625;0533-6074566;0533-7175778,https://www.qiheritagemuseum.com/,https://www.qiheritagemuseum.com/lxwm.html,否
山东省滕州市博物馆,国家一级博物馆,山东,,,,,是
滕州市汉画像石馆,国家一级博物馆,山东,滕州市府前东路1号,0632-5615263,https://www.tzhhxsg.com/,https://www.tzhhxsg.com/,否
济宁市博物馆（朱复戡艺术馆）,国家一级博物馆,山东,济宁市太白湖新区运河路140号,0537-2205009;0537-2883196,https://www.jiningmuseum.com/,https://www.jiningmuseum.com/list/article_details.do?articleId=3492,否
临沂市博物馆,国家一级博物馆,山东,临沂市北城新区兰陵路10号,0539-8185935,https://museum.linyi.cn/,http://museum.linyi.cn/info/1283/5652.htm;http://museum.linyi.cn/info/1183/4981.htm,否
中国人民解放军海军博物馆,国家一级博物馆,山东,青岛市市南区莱阳路8号,0532-82876888;0532-82866784,https://www.hjbwg.com/,https://www.dailyqd.com/guanhai/408998_1.html,否
青岛德国总督楼旧址博物馆（青岛市城市文化遗产保护中心）,国家一级博物馆,山东,未明确,未明确,http://www.qdybg.com/,http://www.qdybg.com/,是
青岛海洋科技馆（青岛海产博物馆、青岛水族馆）,国家一级博物馆,山东,山东省青岛市市南区莱阳路2号,0532-82868088,https://www.qdaqua.cn/,https://www.qdaqua.cn/introduction_museum.html,否
淄博市博物馆,国家一级博物馆,山东,山东省淄博市张店区商场西路153号,0533-2287817;0533-2152253,https://boftec.zibo.gov.cn/cec/charm/detail?charmid=313,https://wh.zibo.gov.cn/art/2017/9/18/art_4110_670827.html,否
蒲松龄博物馆,国家一级博物馆,山东,山东省淄博市淄川区洪山镇蒲家庄蒲松龄纪念馆,（0533）5811643,https://wh.zibo.gov.cn/art/2017/9/18/art_4110_670826.html,https://wh.zibo.gov.cn/art/2017/9/18/art_4110_670826.html,否
枣庄市博物馆,国家一级博物馆,山东,未明确,未明确,https://whhly.shandong.gov.cn/art/2024/5/24/art_100579_10338308.html,https://whhly.shandong.gov.cn/art/2024/5/24/art_100579_10338308.html,是
张裕酒文化博物馆,国家一级博物馆,山东,山东省烟台市芝罘区大马路56号,0535-6633860;0535-6632892,https://www.cymuseum.cn/,https://www.cymuseum.cn/lianxi/,否
临朐县博物馆,国家一级博物馆,山东,潍坊市临朐县民主路3268号,0536-3212242,https://www.linqu.gov.cn/lqdt/tpxw/202508/t20250827_820920.html,https://www.linqu.gov.cn/102/7474/1797548869379297280.html,否
邹城博物馆,国家一级博物馆,山东,邹城市顺河路56号,0537-5253301,https://zcbwg.cn/,https://www.jining.gov.cn/art/2020/12/28/art_65755_2711932.html,否
日照市博物馆,国家一级博物馆,山东,未明确,未明确,https://whhly.shandong.gov.cn/art/2024/5/24/art_100579_10338308.html,https://whhly.shandong.gov.cn/art/2024/5/24/art_100579_10338308.html,是
德州市博物馆,国家一级博物馆,山东,未明确,未明确,https://whhlyj.dezhou.gov.cn/n3493486/c31970828/content.html,https://whhlyj.dezhou.gov.cn/n3493486/c31970828/content.html,是
聊城中国运河文化博物馆,国家一级博物馆,山东,山东省聊城市东昌西路88号,0635-6066123;0635-6066111;0635-6066106,https://www.yunhebowuguan.cn/,https://www.yunhebowuguan.cn/page_5.html,否
滨州市博物馆,国家一级博物馆,山东,未明确,未明确,https://whhly.shandong.gov.cn/art/2024/5/24/art_100579_10338308.html,https://whhly.shandong.gov.cn/art/2024/5/24/art_100579_10338308.html,是
巨野县博物馆,国家一级博物馆,山东,巨野县麒麟大道麟州人民公园西侧,0530-8161877,https://www.juyebwg.com/,https://www.juyebwg.com/?id=13,否
河南博物院,国家一级博物馆,河南,中国·河南省郑州市农业路8号,0371-65393166;0371-65393188,https://www.chnmus.net/,https://www.chnmus.net/ch/institution/index.html,否
郑州博物馆,国家一级博物馆,河南,河南省郑州市中原区文翰街9号,0371-67711767,https://wap.hnzzmuseum.com/,https://wap.hnzzmuseum.com/tickets/2.html,否
洛阳博物馆,国家一级博物馆,河南,河南省洛阳市洛龙区聂泰路,17503793368;0379-69901002,https://www.lymuseum.cn/,https://www.lymuseum.cn/server/,否
南阳汉画馆,国家一级博物馆,河南,南阳市汉画街398号,0377-62061279,http://nyhhg.com/,https://lyj.nanyang.gov.cn/2024/02-21/396999.html,否
开封市博物馆,国家一级博物馆,河南,开封市郑开大道与六大街交叉口,0371-23299192;0371-23299187,https://wgl.kaifeng.gov.cn/kfswhgdhlyj/swgljjsdw/pc/content/content_1804021984149164032.html,https://wgl.kaifeng.gov.cn/kfswhgdhlyj/swgljjsdw/pc/content/content_1804021984149164032.html,否
鄂豫皖苏区首府革命博物馆,国家一级博物馆,河南,河南省新县首府路文博新村004号,13523886483,http://www.eywsqsfbwg.com/,https://xinyang.zfcg.henan.gov.cn/cmsweb81e27e/nas/webfile2024/xysxx/rootfiles/2026/02/10/a2d77dfe64d24a90a8f768cd838d7eb1.pdf,否
中国文字博物馆,国家一级博物馆,河南,安阳市人民大道东段,0372-2266005;0372-2266031,https://www.wzbwg.com/,https://www.wzbwg.com/,否
平顶山博物馆,国家一级博物馆,河南,平顶山市长安大道与怀仁路交叉口平安广场西侧,0375-2660518,https://wglj.pds.gov.cn/contents/12520/241021.html,https://wglj.pds.gov.cn/contents/12520/241021.html,否
安阳博物馆,国家一级博物馆,河南,未明确,未明确,http://www.aybwg.org,https://wwj.henan.gov.cn/2022/02-24/2403500.html,是
河南自然博物馆,国家一级博物馆,河南,河南省郑州市金水东路18号,0371-68108999,https://www.hngm.org.cn/,https://www.hngm.org.cn/?c=Page&cateid=1,否
洛阳古墓博物馆（河南古代壁画馆）,国家一级博物馆,河南,河南省洛阳市老城区机场路6号,0379-62260019;0379-69896198;0379-62265740,https://www.gumumuseum.com/,https://www.gumumuseum.com/guide,否
二里头夏都遗址博物馆,国家一级博物馆,河南,河南省洛阳市偃师区斟鄩大道1号,0379-65091899;0379-65091800,https://www.eltxdmuseum.com/,https://www.eltxdmuseum.com/serve/0,否
南阳市博物院,国家一级博物馆,河南,南阳市鼎盛大道369号,0377-60327999;0377-60163696,https://www.henan.gov.cn/2024/05-27/2998755.html,https://lyj.nanyang.gov.cn/bgdh/;https://lyj.nanyang.gov.cn/2024/02-21/396999.html,否
鄂豫皖革命纪念馆,国家一级博物馆,河南,信阳市浉河区北京路红军广场,0376-6352016,https://www.eywgmjng.cn/,https://www.eywgmjng.cn/,否
湖北省博物馆,国家一级博物馆,湖北,武汉市武昌区东湖路160号,027-86716789,https://www.hbww.org.cn/,https://m-www.hbww.org.cn/yyxz/p/9085.html,否
荆州博物馆,国家一级博物馆,湖北,未明确,0716-8494808;0716-8494574;0716-4170822,https://www.jzmsm.org/,https://www.jzmsm.org/about/index-cate_id-2.html,是
武汉博物馆,国家一级博物馆,湖北,江汉区青年路373号,027-85601377;027-85872318;027-65650603,http://www.whmuseum.com.cn/,https://wlj.wuhan.gov.cn/zfxxgk/fdzdgknr/jgjj/zsdw/202008/t20200827_1437246.shtml,否
辛亥革命博物院（辛亥革命武昌起义纪念馆）,国家一级博物馆,湖北,武汉市武昌区武珞路1号,027-88875305;027-88051911,http://www.1911museum.cn/,https://wlj.wuhan.gov.cn/zfxxgk/fdzdgknr/jgjj/zsdw/202302/t20230215_2153253.shtml,是
武汉市中山舰博物馆,国家一级博物馆,湖北,武汉市江夏区金口街中山舰路特1号,81561938,https://wlj.wuhan.gov.cn/zfxxgk/fdzdgknr/jgjj/zsdw/202008/t20200827_1437237.shtml,https://wlj.wuhan.gov.cn/zfxxgk/fdzdgknr/jgjj/zsdw/202008/t20200827_1437237.shtml,否
武汉革命博物馆,国家一级博物馆,湖北,武昌区红巷13号,未明确,https://www.wuchang.gov.cn/zjwc/wcly/yu/bwg/202103/t20210323_1655221.html,https://www.wuchang.gov.cn/zjwc/wcly/yu/bwg/202103/t20210323_1655221.html,是
长江文明馆（武汉自然博物馆）,国家一级博物馆,湖北,未明确,未明确,https://www.whnhm.com/,https://www.whnhm.com/,是
宜昌博物馆,国家一级博物馆,湖北,湖北省宜昌市伍家岗区求索路,0717-6555525,https://www.ycbwg.com/,https://www.ycbwg.com/about/contact.html,否
随州市博物馆,国家一级博物馆,湖北,,,,,是
襄阳市博物馆（襄阳市文物考古研究所、襄阳市文物修复中心）,国家一级博物馆,湖北,,,,,是
鄂州市博物馆,国家一级博物馆,湖北,湖北省鄂州市鄂城区寒溪路7号,027-53018780;027-53018900,https://www.ezbwg.com/,https://www.ezbwg.com/ReadNews-rss.asp?NewsID=184,否
恩施土家族苗族自治州博物馆,国家一级博物馆,湖北,,,,https://www.hbsbb.gov.cn/esbb/col567/21659.html,是
湖南博物馆,国家一级博物馆,湖南,中国湖南省长沙市东风路50号,0731-84415833;0731-84475933;0731-84514630,https://www.hnmuseum.com/,https://www.hnmuseum.com/zh-hans/content/%E8%81%94%E7%B3%BB%E6%88%91%E4%BB%AC,否
韶山毛泽东同志纪念馆,国家一级博物馆,湖南,未明确,0731-55685157,https://www.ssmzd.com/,https://www.ssmzd.com/channel/30194.html,是
刘少奇同志纪念馆,国家一级博物馆,湖南,湖南省长沙市雨花区时代阳光大道238号A座,0731-84420182,https://wwj.hunan.gov.cn/wwj/c100359/201407/t20140702_10493407.html,https://wwj.hunan.gov.cn/wwj/c100359/201407/t20140702_10493407.html,否
长沙简牍博物馆,国家一级博物馆,湖南,长沙市天心区白沙路92号,0731-85425680;0731-85425676;0731-85425666,https://www.chinajiandu.cn/Survey/Index,https://www.chinajiandu.cn/News/Details/jgsz,否
长沙市博物馆,国家一级博物馆,湖南,,,,,是
胡耀邦同志纪念馆,国家一级博物馆,湖南,未明确,未明确,http://www.huyaobangguli.com/,http://www.huyaobangguli.com/,是
湖南省地质博物馆,国家一级博物馆,湖南,长沙市天心区杉木冲路,0731-89991302,http://www.hndzbwg.com/#/,https://zrzyt.hunan.gov.cn/zrzyt/xxgk/qtxx/sxfc/201703/t20170328_4166469.html;https://zrzyt.hunan.gov.cn/zrzyt/xxgk/tzgg/rsxxn/zkxxn/202507/t20250709_33734036.html,否
秋收起义文家市会师纪念馆,国家一级博物馆,湖南,未明确,未明确,https://m.qsqyhsjng.com/,https://m.qsqyhsjng.com/col.jsp?id=108,是
株洲博物馆（株洲市考古研究和文物保护中心）,国家一级博物馆,湖南,株洲市天元区珠江北路205号（神农城景区内）,0731-22833321;0731-22833361,https://zzsmuseum.cn/,https://zzsmuseum.cn/about/all.html,否
醴陵市博物馆（毛泽东考察湖南农民运动纪念馆）,国家一级博物馆,湖南,醴陵市东正街30号,0731-23388766,https://www.llsbwg.org.cn/,https://www.llsbwg.org.cn/zhanlan/xiannongtan,是
广东省博物馆（广州鲁迅纪念馆）,国家一级博物馆,广东,广东省广州市天河区珠江新城珠江东路2号,020-38046886,https://www.gdmuseum.com/cn,https://www.gdmuseum.com/cn,否
南越王博物馆,国家一级博物馆,广东,广州市越秀区中山四路316号;广州市越秀区解放北路867号,020-83896501;020-36182920,https://www.nywmuseum.org.cn/,https://www.nywmuseum.org.cn/News/VisitIndex/Visit,是
孙中山故居纪念馆,国家一级博物馆,广东,广东省中山市翠亨村,0760-5501691-2288,http://www.sunyat-sen.org/,https://www.sunyat-sen.org/portal/article/index.html?cid=25&id=25611,否
深圳博物馆,国家一级博物馆,广东,"No. 6 Tongxin Road, Futian District, Shenzhen",0755-88132247,https://www.shenzhenmuseum.com/,https://cdn1.shenzhenmuseum.com/userfiles/uploadFile/20240428083839.pdf,否
广州博物馆,国家一级博物馆,广东,广州市越秀公园内镇海楼,020-83550627,https://www.guangzhoumuseum.cn/website_cn/Web/Visit/Introduction.aspx,https://www.guangzhoumuseum.cn/website_cn/Web/Visit/Introduction.aspx,否
广东民间工艺博物馆,国家一级博物馆,广东,广州市中山七路,020-81819653;020-81814559,https://www.gzcjc.com.cn/,https://www.gzcjc.com.cn/MYwebsite/rc/my_index.htm,否
广州艺术博物院,国家一级博物馆,广东,广州市海珠区艺苑路198号,020-39061000;020-39061009,https://www.gzam.com.cn/,https://www.gzam.com.cn/,否
广东中国客家博物馆,国家一级博物馆,广东,中国广东省梅州市梅江区东山大道2号,0753-2253668;0753-2258830,https://www.kjbwg.cn/,https://www.kjbwg.cn/list/page/13;https://www.kjbwg.cn/zwgk/fw/yyfw/index.htm,否
鸦片战争博物馆,国家一级博物馆,广东,虎门海战馆路,0769-85500322,https://www.gd.gov.cn/zjgd/lyxx/hsly/content/post_108957.html,https://www.gd.gov.cn/zjgd/content/post_3881307.html,否
广东海上丝绸之路博物馆,国家一级博物馆,广东,未明确,未明确,https://www.msrmuseum.com/,https://www.msrmuseum.com/,是
孙中山大元帅府纪念馆,国家一级博物馆,广东,广州市海珠区纺织路东沙街18号,020-89012366,https://ads.dyshf.com/,https://www.dyshf.com/index.php?c=list&cs=cgxzhi,否
广东革命历史博物馆（广州近代史博物馆）,国家一级博物馆,广东,广州市白云区云安路119号广州市社会科学院,(020)86464353,https://www.gzass.gd.cn/whzc/wenhuasheshi/bowuguan/168.html,https://www.gzass.gd.cn/whzc/wenhuasheshi/bowuguan/168.html,否
辛亥革命纪念馆,国家一级博物馆,广东,未明确,未明确,https://www.hp.gov.cn/zjhp/hpjd/content/post_3610416.html,https://www.hp.gov.cn/zjhp/hpjd/content/post_3610416.html,是
佛山市祖庙博物馆,国家一级博物馆,广东,未明确,未明确,https://www.fszumiao.com/,https://www.fszumiao.com/,是
江门市博物馆,国家一级博物馆,广东,江门五邑华侨广场内,0750-3936219,https://www.jiangmen.gov.cn/jmwgj/gkmlpt/content/2/2857/post_2857817.html,https://www.jiangmen.gov.cn/bmpd/jmswhgdlytyj/zwgk/gzdt/content/post_3331211.html;https://www.jiangmen.gov.cn/bmpd/jmswhgdlytyj/zwgk/zdlyxxgk/ggwhtyxxgk/fwbzxx/content/post_3435030.html,是
广西壮族自治区博物馆,国家一级博物馆,广西,广西壮族自治区南宁市古城路21号,0771-2707027,https://www.kd1699.cn/,https://www.kd1699.cn/,否
广西民族博物馆,国家一级博物馆,广西,广西壮族自治区南宁市青秀区青环路11号,0771-2024322;0771-2024599,http://www.amgx.org,https://wlt.gxzf.gov.cn/gxwltzwdt/zzqj/t13009244.shtml;https://wlt.gxzf.gov.cn/ggfw/whcscx/t9852224.shtml,否
桂林博物馆,国家一级博物馆,广西,未明确,未明确,http://www.guilinmuseum.org.cn/,http://www.guilinmuseum.org.cn/,是
南宁市博物馆,国家一级博物馆,广西,南宁市良庆区龙堤路15号,0771-2842637;0771-5445226;0771-5445188;0771-5445189,https://www.nnmuseum.cn/,https://www.nnmuseum.cn/,否
柳州工业博物馆,国家一级博物馆,广西,广西壮族自治区柳州市鱼峰区柳东路220号,0772-3353293,https://www.lzlch.com.cn/,https://www.lzlch.com.cn/,否
海南省博物馆,国家一级博物馆,海南,中国海南省海口市琼山区国兴大道76号,0898-65238891;0898-65238880,https://www.hainanmuseum.org/,https://www.hainanmuseum.org/hnbwgcms/node/183;https://www.hainanmuseum.org/hnbwgcms/info/2212,否
中国（海南）南海博物馆,国家一级博物馆,海南,海南省琼海市潭门镇博物馆路,0898-62605666,https://www.nanhaimuseum.org/,https://www.nanhaimuseum.org/n1/2025/0328/c411895-40449004.html;https://www.nanhaimuseum.org/411892/,否
重庆中国三峡博物馆（重庆博物馆）,国家一级博物馆,重庆,重庆市渝中区人民路236号,023-63679066;023-63679067,https://www.3gmuseum.cn/,https://www.3gmuseum.cn/web/column/col5009278.html,否
重庆红岩革命历史博物馆,国家一级博物馆,重庆,重庆市渝中区红岩村52号,023-63303457;023-65312300,https://www.hongyanmuseum.cn/,https://www.hongyanmuseum.cn/web/column/col5002882.html;https://www.hongyanmuseum.cn/web/column/col5010440.html,是
重庆自然博物馆,国家一级博物馆,重庆,重庆市北碚区金华路398号,023-63521630,https://www.cmnh.org.cn/,https://www.cmnh.org.cn/,否
重庆三峡移民纪念馆,国家一级博物馆,重庆,重庆市万州区南滨路1469号,023-61018880;023-61018863,https://www.cqsxymjng.cn/,https://www.cqsxymjng.cn/canguanfuwu/;https://www.cqsxymjng.cn/,否
大足石刻博物馆,国家一级博物馆,重庆,未明确,未明确,https://www.dzshike.com/index.html,https://www.dzshike.com/index.html,是
聂荣臻元帅陈列馆,国家一级博物馆,重庆,重庆市江津区几江街道办事处鼎山大道386号,未明确,https://www.cq.gov.cn/zjcq/bywh/whss/bwg/202409/t20240912_13625768.html,https://www.cq.gov.cn/zjcq/bywh/whss/bwg/202409/t20240912_13625768.html,是
杨闇公杨尚昆旧居陈列馆,国家一级博物馆,重庆,重庆市潼南区梓潼街道办石碾社区杨闇公烈士陵园内,未明确,https://www.cq.gov.cn/zjcq/bywh/whss/bwg/202409/t20240912_13625767.html,https://www.cq.gov.cn/zjcq/bywh/whss/bwg/202409/t20240912_13625767.html,是
自贡恐龙博物馆,国家一级博物馆,四川,四川省自贡市大安区燊海井路4段268号,0813-2218611,https://www.ziggeopark.cn/article/332971373.html,https://www.ziggeopark.cn/article/332971373.html;https://www.ziggeopark.cn/article/629591284.html,否
广汉三星堆博物馆,国家一级博物馆,四川,未明确,未明确,https://www.sxd.cn/,https://www.guanghan.gov.cn/gk/jczwgkbzml/lybl/ggwhbw/ggbw/wbclml/1651206.htm,是
成都武侯祠博物馆,国家一级博物馆,四川,中国.成都市武侯祠大街231号,028-85535951;028-85559027;028-85550322;028-85552397;028-85533728,https://www.wuhouci.net.cn/,https://www.wuhouci.net.cn/,否
邓小平故居陈列馆,国家一级博物馆,四川,未明确,0826-2413858,https://dxpgl.cn/,https://www.dxpgl.cn/,是
成都杜甫草堂博物馆,国家一级博物馆,四川,成都市青羊区青华路37号,028-68921800;028-68921801,https://www.cddfct.com/,https://www.cddfct.com/,否
四川博物院,国家一级博物馆,四川,成都市青羊区浣花南路251号,15882099883,https://www.scmuseum.cn/,https://www.scmuseum.cn/sccms/node/240_29?lastcode=department_achievements&subnode=118&thirdnode=890,否
成都金沙遗址博物馆,国家一级博物馆,四川,成都市青羊区金沙遗址路2号,028-87303522,https://www.jinshasitemuseum.com/,https://www.jinshasitemuseum.com/,否
自贡市盐业历史博物馆,国家一级博物馆,四川,未明确,未明确,https://www.zgshm.cn/,https://www.zgshm.cn/,是
成都博物馆（成都中国皮影博物馆）,国家一级博物馆,四川,青羊区小河街1号（成都市天府广场西侧）,028-68277011,https://www.cdmuseum.com/,https://www.cdmuseum.com/zhinan/,否
四川省建川博物馆,国家一级博物馆,四川,四川省成都市大邑县安仁镇,028-88318000,https://www.jc-museum.cn/,https://www.jc-museum.cn/,否
5·12汶川特大地震纪念馆,国家一级博物馆,四川,四川省绵阳市北川县曲山镇,未明确,https://www.sc.gov.cn/10462/10464/10797/2013/5/10/10261700.shtml,https://www.sc.gov.cn/10462/10464/10797/2013/5/10/10261700.shtml,是
朱德同志故居纪念馆,国家一级博物馆,四川,未明确,未明确,https://wwj.sc.gov.cn/scwwj/gzbt/2023/5/26/e9247cce4dfe446f97f9795e45b9567f.shtml,https://wwj.sc.gov.cn/scwwj/gzbt/2023/5/26/e9247cce4dfe446f97f9795e45b9567f.shtml,是
四川大学博物馆,国家一级博物馆,四川,四川省成都市武侯区望江路19号,85400772;85412313;85412543,https://sum.scu.edu.cn/,https://sum.scu.edu.cn/gtlx.htm,否
泸州市博物馆,国家一级博物馆,四川,未明确,未明确,https://lzs.sczwfw.gov.cn/art/2024/5/17/art_16008_257232.html,https://lzs.sczwfw.gov.cn/art/2024/5/17/art_16008_257232.html,是
眉山三苏祠博物馆,国家一级博物馆,四川,眉山市东坡区纱縠行,028-35081994;028-38220186,https://www.sscbwg.cn/,https://www.sscbwg.cn/consult/;https://www.sscbwg.cn/,否
宜宾市博物院,国家一级博物馆,四川,未明确,未明确,https://www.ybbwy.com/Service/Visit,https://www.ybbwy.com/Service/Visit,是
遵义会议纪念馆,国家一级博物馆,贵州,贵州省遵义市红花岗区子尹路96号,未明确,https://www.gov.cn/test/2008-11/28/content_1162679.htm,https://www.gov.cn/test/2008-11/28/content_1162679.htm;https://www.yp.gov.cn/contents/2024/09/27/receive-b7074f5f-57bb-421f-84b0-a07670370219.html,是
贵州省博物馆,国家一级博物馆,贵州,贵阳市观山湖区林城东路107号,0851-84811809/84811830,https://www.gzmuseum.com/,https://www.gzmuseum.com/,否
贵州省民族博物馆,国家一级博物馆,贵州,未明确,未明确,https://www.gzsmzmuseum.cn/,https://www.gzsmzmuseum.cn/,是
四渡赤水纪念馆,国家一级博物馆,贵州,贵州省习水县土城镇四渡赤水纪念馆,0851-22661923,https://www.sdcs1935.com/,https://www.sdcs1935.com/,否
贵州省地质博物馆,国家一级博物馆,贵州,贵阳市观山湖区云潭南路601号,0851-82751178,https://zrzy.guizhou.gov.cn/wzgb/zwgk/zfxxgk/fdzdgknr/kgxx/zsjg/202201/t20220124_72394424.html,https://zrzy.guizhou.gov.cn/wzgb/zwgk/zfxxgk/fdzdgknr/kgxx/zsjg/202201/t20220124_72394424.html,否
云南省博物馆,国家一级博物馆,云南,未明确,未明确,https://www.ynmuseum.org/index.html,https://www.ynmuseum.org/index.html,是
云南民族博物馆,国家一级博物馆,云南,云南民族博物馆位于昆明市滇池路1503号,0871-64311385,https://www.ynnmuseum.com/,https://www.ynnmuseum.com/service.html,否
昆明市博物馆,国家一级博物馆,云南,昆明市拓东路93号,0871-63199304,https://www.kmmuseum.com/,https://www.kmmuseum.com/wap/info.asp?id=1060;https://www.kmmuseum.com/wap/info.asp?id=2305,否
澄江化石地世界自然遗产博物馆（云南省自然博物馆）,国家一级博物馆,云南,云南省玉溪市澄江市右所镇环湖北路寒武纪大道14号,0877-8894888,https://www.cjhsd.com.cn/index.shtml,https://www.cjhsd.com.cn/fw/cgzn,否
西藏博物馆,国家一级博物馆,西藏,未明确,未明确,https://www.tibetmuseum.com.cn/,https://www.tibetmuseum.com.cn/,是
陕西历史博物馆,国家一级博物馆,陕西,中国·陕西·西安市小寨东路91号,4000293806;029-85253806,https://www.sxhm.com/,https://www.sxhm.com/index.html,否
秦始皇帝陵博物院（秦始皇兵马俑博物馆）,国家一级博物馆,陕西,陕西省西安市临潼区秦陵北路,029-81399127;029-81399047;029-81399048;029-81399174,https://www.bmy.com.cn/,http://www.bmy.com.cn/index.html,否
延安革命纪念馆,国家一级博物馆,陕西,未明确,未明确,https://www.gov.cn/test/2008-11/28/content_1162679.htm,https://www.gov.cn/test/2008-11/28/content_1162679.htm,是
汉景帝阳陵博物院,国家一级博物馆,陕西,陕西省西安经济技术开发区泾河工业园机场路东段,029-62657530,https://www.hylae.com/,https://wwj.shaanxi.gov.cn/zfxxgk/fdzdgknr/zzjg/zsdw/202011/t20201110_2008475.html;https://wwj.shaanxi.gov.cn/bsfw/cjwt/202108/t20210826_2188421.html,否
西安碑林博物馆,国家一级博物馆,陕西,陕西省西安市碑林区三学街15号,029-87253331;029-87213868,http://www.beilin-museum.com/,https://www.beilin-museum.com/,否
西安半坡博物馆,国家一级博物馆,陕西,未明确,未明确,http://bpmuseum.com/,https://bpmuseum.com/uploadfile/2024/0711/20240711120814230.pdf,是
西安博物院,国家一级博物馆,陕西,西安市友谊西路72号,18066819253,https://www.xabwy.com/,https://www.xabwy.com/foot.html,否
宝鸡青铜器博物院,国家一级博物馆,陕西,陕西省宝鸡市滨河大道东段中华石鼓园内,0917-2769018;0917-2769016,https://www.bjqtm.com/,https://www.bjqtm.com/sy/%E5%8F%82%E8%A7%82%E9%A1%BB%E7%9F%A5,否
西安大唐西市博物馆,国家一级博物馆,陕西,西安市莲湖区劳动南路1号隋唐西市遗址区内,029-87663333转3338,http://www.dtxsmuseum.com/index.aspx,https://wwj.shaanxi.gov.cn/ztzl/ndzt/2016n/zgcyksxtbggbxk/kbwgjshmfkf/201110/t20111020_2144731.html,否
陕西自然博物馆,国家一级博物馆,陕西,陕西省西安市长安南路88号,029-85331289,https://www.sxnm.net/,https://group.sxnm.net/lists/29.html,否
陕甘边革命根据地照金纪念馆,国家一级博物馆,陕西,未明确,未明确,https://www.qinfeng.gov.cn/info/1062/141113.htm,https://www.qinfeng.gov.cn/info/1062/141113.htm,是
法门寺博物馆,国家一级博物馆,陕西,陕西省扶风县法门寺,0917-5254002;0917-5256955;0917-5254154,https://www.famensi.com/,https://www.famensi.com/about.asp,否
乾陵博物馆,国家一级博物馆,陕西,陕西省乾县唐永泰公主墓,(029)35510222；35510353(票务科),http://www.tangwenhua.com,https://wwj.shaanxi.gov.cn/ztzl/ndzt/2016n/zgcyksxtbggbxk/kbwgjshmfkf/201110/t20111010_2144131.html,否
咸阳博物院,国家一级博物馆,陕西,未明确,未明确,https://wwj.shaanxi.gov.cn/wbxx/kydww/bwgjngml/202011/t20201116_2033461.html,https://wwj.shaanxi.gov.cn/wbxx/kydww/bwgjngml/202011/t20201116_2033461.html,是
汉中市博物馆,国家一级博物馆,陕西,汉台区东大街26号,0916-8152188,https://wl.hanzhong.gov.cn/hzwlwz/wbzx/202108/2a49dfdad26a4243be448350e82fc1be.shtml,https://wl.hanzhong.gov.cn/hzwlwz/wbzx/202108/2a49dfdad26a4243be448350e82fc1be.shtml,否
甘肃省博物馆,国家一级博物馆,甘肃,未明确,0931-2339131;0931-2339133,http://www.gansumuseum.com/,https://www.gswbj.gov.cn/a/2020/05/07/4895.html,是
天水市博物馆（天水市伏羲文化博物馆）,国家一级博物馆,甘肃,天水市秦州区伏羲路110号,0938-8227304;0938-8227340,http://www.tssbwg.com.cn,https://www.tianshui.gov.cn/wlj/info/2722/285082.htm;https://www.tianshui.gov.cn/wlj/info/1812/177212.htm,否
敦煌研究院,国家一级博物馆,甘肃,未明确,0937-8807226,https://www.dha.ac.cn/,https://www.dha.ac.cn/index/lxwm.htm,是
平凉市博物馆,国家一级博物馆,甘肃,未明确,未明确,https://www.gswbj.gov.cn/a/2025/01/21/23971.html,https://www.gswbj.gov.cn/a/2025/01/21/23971.html,是
兰州市博物馆,国家一级博物馆,甘肃,城关区庆阳路240号,0931-8828555,https://govt.chinadaily.com.cn/s/202503/05/WS67c7c48d498eec7e1f730eac/lanzhou-museum.html,https://govt.chinadaily.com.cn/s/202503/05/WS67c7c48d498eec7e1f730eac/lanzhou-museum.html,否
甘肃简牍博物馆,国家一级博物馆,甘肃,兰州市七里河区马滩文化岛,未明确,https://www.jiandumuseum.com/homepage,https://www.gswbj.gov.cn/a/2024/02/18/19691.html,是
武威市博物馆,国家一级博物馆,甘肃,凉州区宣武街姑臧路25号,0935-2228884,https://www.gswbj.gov.cn/a/2024/11/22/23309.html,https://www.gswbj.gov.cn/a/2024/11/22/23309.html,否
中国工农红军西路军纪念馆,国家一级博物馆,甘肃,甘肃省高台县城关镇东环路178号,未明确,https://www.zhangye.gov.cn/tyjrswj/ztzl/jnss/202306/t20230602_1056310.html,https://www.zhangye.gov.cn/tyjrswj/ztzl/jnss/202306/t20230602_1056310.html,是
临夏回族自治州博物馆,国家一级博物馆,甘肃,未明确,未明确,https://www.linxia.gov.cn/lxz/ywdt/bmdt/art/2025/art_54c3cddf8f4d4173812e01eb3c89e681.html,https://www.linxia.gov.cn/lxz/ywdt/bmdt/art/2025/art_54c3cddf8f4d4173812e01eb3c89e681.html,是
和政古动物化石博物馆,国家一级博物馆,甘肃,和政县城关镇梁家庄,未明确,https://www.linxia.gov.cn/lxz/lxly/lxwh/sqwh/art/2022/art_4829ccd3cfa6499d819f41016c7eeb56.html,https://www.linxia.gov.cn/lxz/lxly/lxwh/sqwh/art/2022/art_4829ccd3cfa6499d819f41016c7eeb56.html,是
青海省博物馆,国家一级博物馆,青海,青海省西宁市西关大街58号,0971-6118691,http://www.qhmuseum.cn/,https://www.qinghai.gov.cn/msfw/system/2013/06/03/010050266.shtml,否
青海藏医药文化博物馆,国家一级博物馆,青海,青海西宁市生物园区经二路36号,0971-5317881,https://www.qinghai.gov.cn/msfw/system/2015/11/25/010189857.shtml,https://www.qinghai.gov.cn/msfw/system/2015/11/25/010189857.shtml,否
固原博物馆,国家一级博物馆,宁夏,宁夏固原市原州区西城街与政府西路交汇处西北,0954-2032653,https://whhlyt.nx.gov.cn/jqjd/gys_66590/gybwg/,https://whhlyt.nx.gov.cn/jqjd/gys_66590/gybwg/,否
宁夏回族自治区博物馆,国家一级博物馆,宁夏,银川市金凤区人民广场东街6号,0951-5085073,http://www.nxbwg.com/,https://whhlyt.nx.gov.cn/zzjg/zsdw/201903/t20190306_3641787.html,否
西夏博物馆,国家一级博物馆,宁夏,未明确,未明确,https://whhlyt.nx.gov.cn/jqjd/ycs_66553/xxl/,https://whhlyt.nx.gov.cn/jqjd/ycs_66553/xxl/,是
新疆维吾尔自治区博物馆,国家一级博物馆,新疆,新疆乌鲁木齐市沙依巴克区西北路581号,0991-4533451,http://www.xjmuseum.com.cn,https://wlt.xinjiang.gov.cn/wlt/jgzn/202412/5dde59aa445a4fc0937af923da432b5b.shtml,否
吐鲁番市文博院,国家一级博物馆,新疆,未明确,未明确,https://www.tlf.gov.cn/tlfs/c106221/202502/47388a8b9d55465f8ae5a571fbb429b3.shtml,https://www.tlf.gov.cn/tlfs/c106221/202502/47388a8b9d55465f8ae5a571fbb429b3.shtml,是
哈密市博物馆,国家一级博物馆,新疆,哈密市伊州区环城路72号,0902-2385027,https://www.hami.gov.cn/hami/xhtml/mlhm/mlhm_hmswby.html,https://www.hami.gov.cn/hami/xhtml/mlhm/mlhm_hmswby.html,否
